feature,coefficient,absolute_coefficient
country__India,7.59950028816805,7.59950028816805
rating__rating_TV-Y,-5.037066727425446,5.037066727425446
genre__Dramas,5.032159955424865,5.032159955424865
genre__Stand-Up Comedy,-4.340450985748315,4.340450985748315
rating__rating_TV-Y7,-3.400982375691706,3.400982375691706
genre__Documentaries,-3.272158427176601,3.272158427176601
genre__Action & Adventure,3.1903595126200703,3.1903595126200703
number__release_year,-3.102263810788747,3.102263810788747
genre__International Movies,2.7401382063821105,2.7401382063821105
genre__Movies,-2.634445175208591,2.634445175208591
number__cast_count,2.2022609921770555,2.2022609921770555
genre__Music & Musicals,2.10536825810642,2.10536825810642
genre__Independent Movies,-2.100832800291675,2.100832800291675
rating__rating_R,2.0162815539925183,2.0162815539925183
rating__rating_TV-G,-1.5230791102670593,1.5230791102670593
genre__Romantic Movies,1.4543488726994938,1.4543488726994938
rating__rating_PG-13,1.4391809057553686,1.4391809057553686
rating__rating_TV-PG,-1.377310968307923,1.377310968307923
genre__Thrillers,1.0655362317426118,1.0655362317426118
genre__Anime Features,-1.0309585993676904,1.0309585993676904
country__Pakistan,0.9460899061668944,0.9460899061668944
genre__Children & Family Movies,-0.9228989377031013,0.9228989377031013
country__South Korea,0.8649809811906487,0.8649809811906487
country__Liechtenstein,0.7954564144499602,0.7954564144499602
country__Hong Kong,-0.7795093559454115,0.7795093559454115
country__Syria,-0.7451533150068069,0.7451533150068069
country__Unknown,0.7426435002732277,0.7426435002732277
country__Kenya,-0.6812163882518315,0.6812163882518315
genre__Comedies,0.6515226871015011,0.6515226871015011
country__Morocco,0.5807586940050171,0.5807586940050171
country__Montenegro,0.536116556607063,0.536116556607063
country__Philippines,0.5004123740390299,0.5004123740390299
genre__Sci-Fi & Fantasy,0.4927135175062192,0.4927135175062192
country__Turkey,0.4879051499398014,0.4879051499398014
country__Namibia,-0.4681325652620099,0.4681325652620099
country__Zimbabwe,0.45737236419562133,0.45737236419562133
country__Japan,0.4530877247710384,0.4530877247710384
country__Indonesia,0.45121713819614306,0.45121713819614306
genre__Faith & Spirituality,0.42110490686505375,0.42110490686505375
country__China,0.4157296642128505,0.4157296642128505
genre__Classic Movies,0.41030098048302566,0.41030098048302566
country__United Arab Emirates,-0.3996804007769057,0.3996804007769057
country__Romania,0.39900928910821537,0.39900928910821537
country__Poland,-0.3980899819505418,0.3980899819505418
country__Argentina,-0.39423135023122907,0.39423135023122907
rating__rating_TV-14,0.38914373722248247,0.38914373722248247
country__Taiwan,0.38250707272041745,0.38250707272041745
rating__rating_TV-Y7-FV,-0.3641546475444386,0.3641546475444386
country__Cameroon,0.36239136793257476,0.36239136793257476
rating__rating_G,-0.3575349643476921,0.3575349643476921
country__Lebanon,-0.35698410014856874,0.35698410014856874
country__Egypt,0.3523293172868749,0.3523293172868749
country__Iceland,0.34617015968787873,0.34617015968787873
genre__Cult Movies,-0.34565683311734613,0.34565683311734613
country__Bahamas,0.3449397366007771,0.3449397366007771
country__Germany,0.3108234024374826,0.3108234024374826
country__Colombia,-0.27179036856056993,0.27179036856056993
country__Canada,-0.2704078753344831,0.2704078753344831
country__South Africa,-0.2577573409919435,0.2577573409919435
country__Australia,0.25428158478980406,0.25428158478980406
country__Spain,0.2530612126077013,0.2530612126077013
genre__Sports Movies,0.24747131143194098,0.24747131143194098
country__New Zealand,0.24269461067380685,0.24269461067380685
country__Malawi,0.23746761864522337,0.23746761864522337
country__Somalia,0.2290857339472532,0.2290857339472532
country__Thailand,0.21983724506239116,0.21983724506239116
country__Singapore,-0.21075025231452912,0.21075025231452912
country__Georgia,-0.21066542809394967,0.21066542809394967
country__Soviet Union,0.19930498834384758,0.19930498834384758
country__Sudan,0.19195346582409104,0.19195346582409104
country__Luxembourg,-0.1795369217970923,0.1795369217970923
rating__rating_NR,-0.17525187381180318,0.17525187381180318
country__Uganda,-0.1622809606283132,0.1622809606283132
rating__rating_PG,0.16152926614752727,0.16152926614752727
country__Nigeria,0.14300152289627335,0.14300152289627335
country__United Kingdom,0.1356669700652977,0.1356669700652977
country__Denmark,0.13556994440885015,0.13556994440885015
country__West Germany,0.12640920375371992,0.12640920375371992
country__Guatemala,-0.11471840234108364,0.11471840234108364
country__Italy,0.10754106617366976,0.10754106617366976
country__Portugal,-0.1070170521258611,0.1070170521258611
country__Israel,0.09238704814755783,0.09238704814755783
country__Mexico,-0.09067895478046406,0.09067895478046406
country__Venezuela,0.08086526528698171,0.08086526528698171
country__Brazil,-0.0801290005506802,0.0801290005506802
country__Bangladesh,0.0790124666219276,0.0790124666219276
country__Nepal,-0.07230150174692065,0.07230150174692065
country__Hungary,0.05773685478388615,0.05773685478388615
country__Sweden,-0.05578225114970813,0.05578225114970813
country__Botswana,0.05402318303363798,0.05402318303363798
country__Norway,0.05076914539897943,0.05076914539897943
country__Cambodia,-0.04308089005853673,0.04308089005853673
country__Burkina Faso,0.03427691360864457,0.03427691360864457
country__Uruguay,-0.03416054878507847,0.03416054878507847
country__Ethiopia,0.02913739260703948,0.02913739260703948
country__Dominican Republic,-0.023295152834679984,0.023295152834679984
country__France,-0.018233866117669563,0.018233866117669563
country__Greece,0.015277138898125642,0.015277138898125642
country__Cayman Islands,0.011236157736262535,0.011236157736262535
country__Ukraine,0.010242528949105458,0.010242528949105458
country__Lithuania,-0.009312096874652965,0.009312096874652965
country__Sri Lanka,0.008105210317848027,0.008105210317848027
country__Malta,0.005340615663463296,0.005340615663463296
rating__rating_TV-MA,-0.0,0.0
rating__rating_NC-17,0.0,0.0
rating__rating_Unknown,-0.0,0.0
rating__rating_UR,-0.0,0.0
country__Bulgaria,-0.0,0.0
country__Belgium,-0.0,0.0
country__Algeria,-0.0,0.0
country__Albania,0.0,0.0
country__Austria,-0.0,0.0
country__Afghanistan,0.0,0.0
country__Mozambique,-0.0,0.0
country__Mongolia,0.0,0.0
country__Kuwait,0.0,0.0
country__Malaysia,-0.0,0.0
country__Ireland,0.0,0.0
country__Iraq,0.0,0.0
country__Jamaica,0.0,0.0
country__Jordan,-0.0,0.0
country__Ghana,-0.0,0.0
country__Iran,0.0,0.0
country__Armenia,0.0,0.0
country__Chile,-0.0,0.0
country__Czech Republic,0.0,0.0
country__Croatia,-0.0,0.0
country__East Germany,-0.0,0.0
country__Finland,0.0,0.0
country__Switzerland,-0.0,0.0
country__Slovenia,0.0,0.0
country__Senegal,0.0,0.0
country__Serbia,0.0,0.0
country__Peru,0.0,0.0
country__Qatar,-0.0,0.0
country__Russia,0.0,0.0
country__Saudi Arabia,-0.0,0.0
country__Paraguay,0.0,0.0
country__Panama,0.0,0.0
country__Palestine,0.0,0.0
country__Netherlands,0.0,0.0
country__Vietnam,0.0,0.0
country__United States,-0.0,0.0
genre__Horror Movies,-0.0,0.0
genre__LGBTQ Movies,0.0,0.0
