title,actual_minutes,predicted_minutes
XXx,124,110.85960445687832
Mike Epps: Don't Take It Personal,60,66.45135100550104
Undefeated,113,85.7485535928338
Ishqiya,115,123.33735448610243
"What Happened, Miss Simone?",103,89.90474109304894
To Be of Service,88,78.8327396608429
A Go! Go! Cory Carson Summer Camp,21,55.203051669886214
Thackeray (Hindi),135,125.29197030145988
The Last Boy Scout,105,113.9164319063401
The Queen,103,115.00236495650243
Adel Karam: Live from Beirut,59,65.49092826169743
Newness,117,96.51286330126898
Wild Wild West,106,114.4802534343916
Aftershock,89,106.91733902892443
What Dreams May Come,114,125.79953161980174
The Car,96,99.85880103917914
A Wednesday,103,137.68793595522757
Tig Notaro Happy To Be Here,58,66.41547283667431
Safety Not Guaranteed,86,96.44280565367806
Holiday on Mars,94,99.02753756215375
Rukh,103,116.82733289629132
The Ivory Game,112,80.71770697962336
Be Somebody,88,107.24149870040624
Gunjan Saxena: The Kargil Girl,113,133.5874395234865
My Step Dad: The Hippie,100,109.41313302874775
Nothing to Hide,94,105.8019635449248
Baahubali: The Beginning (English Version),138,118.4113644793597
Judwaa,133,130.1374205400758
Bruno and Boots: Go Jump in the Pool,91,82.90469525383298
Invisible,87,91.55600997926499
Diamonds in the Sky,113,110.01868163043194
Killing Them Softly,97,108.59585524293794
Jimi Hendrix,102,105.44827024880989
Berlin Calling,105,119.52594457509628
All Because of You,102,101.71277840683662
Detour,97,96.05264086595864
Chris Rock: Tamborine,65,65.49092826169743
Septembers of Shiraz,110,110.40890388329984
Adú,120,106.45414931027544
"Trikal (Past, Present, Future)",134,127.49805819662059
Run,134,139.6491610682959
Clouds of Sils Maria,124,113.45054944551876
My Ex & Whys,121,112.82891209901038
Lu Over the Wall,113,94.84359111441981
Belgica,127,106.16611170333663
The Hater,136,101.9627404550697
Grandmaster,133,121.5097716874327
Loving,124,111.48308553380747
Monty Python's Life of Brian,94,108.6838276828475
Theeya Velai Seyyanum Kumaru,132,122.09859779879898
"Michael Bolton's Big, Sexy Valentine's Day Special",54,123.6590890151981
Ne Zha,110,107.97927795036065
Saving Capitalism,73,70.51769739826238
Eyyvah Eyyvah 3,103,96.17204697242654
The Perfect Date,91,96.7345330738422
Interview with a Serial Killer,45,78.21256461119341
It's Fine,101,110.78842763701277
Chhota Bheem Ka Troll Se Takkar,62,42.69929790939446
Daughters of the Dust,112,104.06299979967928
Pokémon the Movie: I Choose You!,97,56.73722287927569
Falling Inn Love,98,90.99638951734507
From Japan to Egypt,93,98.94845868597429
Out of my league,92,108.72998889704326
A Go! Go! Cory Carson Halloween,22,54.61137665413441
The Original Kings of Comedy,111,79.00902016802101
Dolly Parton’s Christmas on the Square,99,88.46971833608144
Tim Minchin: So F**king Rock,127,78.04238587296584
Fire at Sea,114,83.53084491178048
The Force,92,79.47302149004528
You Are My Home,93,88.71360145639474
(T)ERROR,84,78.44943818057148
Dear Ex,100,110.68785542125977
Scream 2,121,108.42891775308081
Incorruptible,90,80.11330331924768
Dad Wanted,103,105.29790175801989
Story of Kale: When Someone's in Love,78,106.89596122685955
Holy Hell,103,78.12929726597028
Children of God,63,87.31941779230485
Feminists: What Were They Thinking?,86,79.1528805754441
Mohawk,92,93.52242946328496
Shopkins: World Vacation,71,30.220782330073334
Panipat - The Great Betrayal,171,130.74561303569303
Deadline: Sirf 24 Ghante,97,116.4335925471494
Barbie Dolphin Magic,64,50.87512673312768
Michelle Buteau: Welcome to Buteaupia,59,64.85064643249505
"Crouching Tiger, Hidden Dragon",120,124.52679633705304
Coin Heist,98,98.3705428354545
Synchronic,102,96.46149281538199
NOVA: Killer Volcanoes,54,70.51769739826238
Gad Elmaleh: American Dream,58,66.41547283667431
Peepli Live,109,118.56999075661383
Sara's Notebook,117,108.40699739512456
True: Rainbow Rescue,24,49.323028973572285
Ranbhool,115,121.22550894165823
Last Summer,102,112.40400701438102
Dr. Seuss' The Cat in the Hat,82,92.67861450789144
Sniper: Ghost Shooter,99,105.04510035476784
Naked,97,98.55816493454822
14 Blades,113,106.96678387508227
Shirkers,97,80.56058041685301
The Forty-Year-Old Version,124,99.31383696902847
MANK,133,101.40440336124513
Wasp Network,128,106.92786839582412
Return To The 36th Chamber,97,117.77843935013911
Chico Bon Bon and the Very Berry Holiday,25,53.428026622630796
The Assignment,95,104.33873627125222
Vir Das: Abroad Understanding,66,65.81106917629864
Joker,98,123.60208874490378
Anarkali of Aarah,111,118.01068292779493
Numbered,55,83.44068765693504
Just Love,96,110.73467379377847
Dear John,108,112.9207757549826
Baahubali 2: The Conclusion (Hindi Version),165,134.80666772381682
When Love Happens,109,101.17439627057243
The First Line,87,95.58084421081593
New Gods: Nezha Reborn,118,94.56997539996881
Across the Universe,133,122.047896932539
Tarung Sarung,116,111.78498694022126
Fatherhood,111,103.35390794438449
Pickpockets,108,91.64622787937307
Crocodile Dundee in Los Angeles,95,111.24322124775678
The Lamb,86,96.33877871384567
The spiral,84,104.73236792177549
Bayonet,102,105.35355882855254
The Christmas Chronicles: Part Two,115,86.02301666829267
The Plagues of Breslau,94,93.4922459651344
Shawn Mendes: Live in Concert,87,88.37977050545855
My Heroes Were Cowboys,23,81.85288931216837
13 Cameras,90,84.01245224132646
We Are Your Friends,96,109.90361952861136
Dragons: Rescue Riders: Secrets of the Songwing,46,52.58738998299672
Awe,111,127.21481947432892
What Would Sophia Loren Do?,32,75.56695231210654
Convict,97,110.70757027308493
Uppena,145,127.4670970423328
Soy Rada: Serendipity,70,60.787619430824726
ReMastered: Massacre at the Stadium,65,87.69963285966729
Earth and Blood,81,105.01476426907496
Birthmarked,88,89.74914714591077
Seven,113,110.88189074733435
Fools Rush In,109,108.8396400122028
Manhunt,109,99.88477651528339
American Experience: The Island Murder,53,75.93570004015832
Chhota Bheem And The Broken Amulet,64,85.13437146028261
In the Tall Grass,102,89.58790104235811
Not Alone,50,80.39756606502216
The 3rd Eye 2,117,95.69025702235477
Ice Guardians,108,85.41433275378812
Barely Lethal,99,109.19744603053498
Prince,152,142.19786524075928
My Wife and My Wifey,99,100.09790257748237
Justin Timberlake + the Tennessee Kids,90,93.99077787895155
Naruto the Movie: Ninja Clash in the Land of Snow,83,97.92753939037225
Jhankaar Beats,131,129.85480046980447
Biggie & Tupac,108,95.46398896030365
Chadi Jawani Budhe Nu,135,125.79716104843752
Abdo Mota,100,114.08220442298018
Chupan Chupai,118,112.93080267928583
Happy Times,79,98.21618798393189
The Man Without Gravity,107,103.27231318452903
Sergio,119,96.07932821947887
The Dealer,124,108.31127955527715
Thunder Force,107,104.31822546416878
Budhia Singh: Born to Run,95,118.33082384239613
Gunshot,96,113.10627293333408
Consequences,106,113.4995549209479
Alexis Viera: A Story of Surviving,69,80.80344408790609
Camellia Sisters,117,103.46689390671601
Harishchandrachi Factory,99,124.53026093823011
Bulbul Can Sing,95,118.61508658817061
Theo Von: No Offense,67,66.13121009089983
99 Songs (Telugu),131,116.15012703819733
#realityhigh,99,93.69619721606688
300 Miles to Heaven,93,111.47098089238075
Braven,94,104.96664128144242
Svaha: The Sixth Finger,123,106.60869142138496
Jatt James Bond,142,125.98545851375282
Cook Off,100,115.11923850847614
Quigley Down Under,120,115.56482779658009
Merry Men 2: Another Mission,115,97.02168815365783
Cloud Atlas,172,105.35718586412179
Little Sister,91,92.3583300767586
Freedom Writers,124,112.04955636004517
The Awakening of Motti Wolkenbruch,94,105.88680035281378
My Little Pony Equestria Girls: Friendship Games,72,52.38321724887244
The Unborn Child,93,98.32249337506528
Bokeh,92,105.35560157789948
Equilibrium,107,121.75677732731879
Mystic Pizza,104,110.74169626777034
50 First Dates,99,106.00697859424264
Seal Team Six: The Raid on Osama Bin Laden,90,101.5284836484296
S.W.A.T.: Under Siege,89,110.82449679460933
Just The Way You Are,107,98.21265467425411
Demetri Martin: The Overthinker,56,65.49092826169743
Chippa,92,115.10977615407512
93 Days,121,107.45744593019765
Under the Bombs,94,96.18389085322748
We Are Family,119,130.36328119918727
Blood Red Sky,123,106.45519809763798
Verónica,81,94.71193064927623
There's Something in the Water,72,79.91021917286956
Kung Fu Magoo,79,67.80557572237248
Feel the Beat,110,91.41652280479359
The Smurfs,103,94.1445232335807
Handsome: A Netflix Mystery Movie,81,91.58830260958639
Acts of Violence,87,102.59994121843519
3 Generations,92,105.86642844774347
Jungle Beat: The Movie,90,64.9558278867062
Jugaad,52,83.28936142270221
The Stand-In,102,94.83338521477403
Ginny Weds Sunny,126,119.48293486626422
Dear Dad,83,114.6153147652245
A Private War,110,100.16114039387234
FYRE: The Greatest Party That Never Happened,98,78.8327396608429
National Parks Adventure,42,64.98117576994657
What a Wonderful Family!,102,110.88975100932836
Wheels of Fortune,107,97.93492056385864
Men in Black,98,115.12053526359398
Todo Sobre El Asado,86,77.4164135460056
Dead in a Week (Or Your Money Back),90,89.97629191416183
Magnetic,110,94.70773583360247
Doubles Cause Troubles,94,109.8411852974586
Labyrinth,101,104.28270124487595
Pandigai,125,135.99001775532042
Zoé: Panoramas,89,91.72109066995947
Denis Leary: No Cure For Cancer,62,79.79512243757515
A Silent Voice,130,90.02503180352365
Total Recall,114,115.81588975844856
Shubh Aarambh,127,125.05607629264647
Monster Family,93,87.88393878434569
Baaghi,127,125.16555184700177
Gie,141,113.75760081539691
Music Teacher,102,118.29494567356942
Springsteen on Broadway,153,93.35049604974915
Love or Money,116,112.1324729132304
And Breathe Normally,102,106.01643851946247
The Drowning,99,86.00244610628333
Feo pero sabroso,91,93.63019405457786
Mahjong Heroes,92,95.09018384238419
Alien Contact: Outer Space,63,70.51769739826238
Rock On!!,139,137.68041356089742
Oddbods: The Festive Menace,23,27.644019028076542
Bana Masal Anlatma,103,109.41039241156285
Girl on the Third Floor,92,88.89686206233802
Takizawa Kabuki ZERO 2020 The Movie,139,105.76307318742633
Big Kill,126,104.99649354131725
The Gospel of Luke,205,124.34941132890965
Monty Python and the Holy Grail,92,117.80407279524175
Marked,21,80.04420123914588
I Fine... Thank You... Love You,116,103.42471659551046
Ghanchakkar,129,119.9495448528934
Encounter: The Killing,151,123.73734122178973
Planet 51,91,94.66026656166385
When Angels Sleep,96,108.99867241087637
Illegal Woman,119,106.45414931027544
Final Account,94,84.07048947443192
Hasee Toh Phasee,135,128.94383359251185
Man in Love,115,110.6289819671256
Chris Rock Total Blackout: The Tamborine Extended Cut,98,67.42230087557391
A Choo,101,115.06278603221512
The Rainmaker,136,117.74688179320748
Phantom,129,124.89401774585116
One More Try,102,116.64875065669989
Katt Williams: Great America,60,65.49092826169743
The Outpost,123,114.65033806275616
John & Jane,79,110.59904438524381
Silencer,88,91.42726350142834
Don't Crack Under Pressure III,94,93.84452671670006
30 Days of Luxury,91,100.41765766483998
The Guardian Brothers,86,80.24447512197553
Maynard,100,74.65942250852501
Naruto Shippûden the Movie: Bonds,93,97.23865074771928
David Brent: Life on the Road,97,109.13305439114214
Twilight,122,123.95169276806818
World Famous Lover,147,127.72590249885954
Don't Be Afraid of the Dark,99,99.86857614711697
Pari,116,110.55950304663865
Brother Jekwu,101,99.4983304881901
Stars in the Sky: A Hunting Story,69,75.93570004015832
Black Holes | The Edge of All We Know,99,82.00879776429744
Bratz: The Movie,102,89.62302580223124
Mantostaan,75,118.60235794354674
Kill Ratio,87,97.28954491126579
Tony Robbins: I Am Not Your Guru,117,75.65143729438384
Class Rank,103,91.2681616949852
Angu Vaikuntapurathu (Malayalam),162,112.17060625420523
Truth or Dare,88,89.53714389154041
The Score,124,114.65541983180789
6 Bullets,115,106.91733902892443
Hachi: A Dog's Tale,93,96.30278370471126
Confusion Na Wa,106,109.82833500765813
PhotoCopy,138,127.12020173180584
The Island,93,107.82190753147795
West Beirut,106,103.19060760803923
Whispers,93,85.96125831436572
Master,143,110.24991782873437
AlphaGo,90,68.80275996560802
Faraar,146,114.75123670923725
Newtown,84,78.12929726597028
Ana e Vitória,116,96.61368868721881
Shonar Pahar,131,113.46861804742527
Blurred Lines: Inside the Art World,85,78.25981919866685
Million Dollar Baby,133,111.30616382593763
Desire,94,104.09151414927757
Patton Oswalt: Talking for Clapping,66,66.13121009089983
First Match,103,93.24893998576745
Deadly Scholars,86,104.70661523696315
Carlos Almaraz: Playing with Fire,83,76.20723414130893
Iliza Shlesinger: Confirmed Kills,78,66.13121009089983
Maine Pyar Kiya,192,139.79997242907842
A Haunted House,86,98.84939666423782
When Two Worlds Collide,103,86.70872458474629
Be Here Now,110,78.16162087530167
How to Win the US Presidency,51,74.97956342312622
Behind the Curve,96,80.07742515042096
Aelay,151,113.01461019221851
Zach Galifianakis: Live at the Purple Onion,61,69.92429425266359
Mr. Virgin,86,109.57035598996725
E-Cigarettes: Miracle or Menace?,52,77.05913713579277
Dancing Quietly,70,99.91754940006824
The Holy Man,92,106.31223769509059
Mumbai Meri Jaan,135,129.66400083435158
Gumrah,149,144.59794428072598
#Rucker50,56,76.30607372495541
Once In A Lifetime Sessions with Noel Gallagher,66,83.87804866400585
Si Doel the Movie,86,103.26595035333241
Monty Python Conquers America,55,84.0627350476325
Residente,97,84.19818957860704
Harlem Globetrotters: The Team That Changed the World,55,84.90751260523493
Care of Kancharapalem,142,114.82551340830065
Brampton's Own,90,105.69960734789106
It Comes at Night,92,87.92897464414477
One by Two,135,130.12718362401546
Colin Quinn: Red State Blue State,66,68.98712727975317
In Line,114,106.23780717468061
An Egyptian Story,129,109.61011011456704
The Guide to the Perfect Family,102,108.40984798244206
Tigertail,91,99.04780860547413
Larceny,87,99.58884640970182
Blood Brothers: Malcolm X & Muhammad Ali,96,84.2555897729983
Must Be... Love,106,111.15110067865614
Jackie: A Tale of Two Sisters,44,71.00085266469443
Back to Q82,104,98.02070952325414
Fireplace 4K: Classic Crackling Fireplace from Fireplace for Your Home,60,54.77274818002847
One Direction: This Is Us,92,88.61408942286685
Palermo Hollywood,106,102.79970330485997
Horrid Henry's Gross Day Out,61,51.88719521792516
"Oh, Hello On Broadway",102,66.40274419205045
Theo Who Lived,86,80.71770697962336
Chasing Coral,89,74.65942250852501
Bebe's Kids,73,103.80335181947204
Super Monsters Back to School,24,51.4181949354289
The Hows of Us,120,115.91125520059633
اشتباك,98,103.94546392466307
Holidate,105,94.89817256851234
Dallas Buyers Club,117,101.27868970044626
Muppets Most Wanted,110,93.29878955754093
Don't Think Twice,92,100.59440062743325
Destiny,136,115.84181589847265
Eric ldle's What About Dick?,81,101.46422536566496
Ant-Man and the Wasp,118,110.7642761199761
The Day I lost My Shadow,91,42.36918732527322
Band of Robbers,95,95.14167988760893
Dil Chahta Hai,185,134.289015513831
Motu Patlu in Wonderland,76,77.81616005772605
Tellur Aliens,67,63.9136987259144
Big Fat Liar,88,96.62075601798477
Axone,101,114.77690659485006
Kids on the Block,102,87.8615581105292
Chicken Little,82,90.04057449559227
Pomegranates and Myrrh,95,107.08627526545584
Miss Representation,90,79.73000183897625
Lo más sencillo es complicarlo todo,94,101.89073410218741
Ije: The Journey,106,109.32927404916754
Fashion,158,128.48065080284798
Private Life,124,101.13746882973447
Thorne: Sleepyhead,125,108.5595995172786
The Lake House,98,110.91900196161693
Kill Bill: Vol. 2,137,109.47846634573399
Blackfish,83,86.14846152480943
City of God,130,110.72455546213718
CRD,110,114.28244520599944
Superman Returns,154,110.77978332988904
AK vs AK,109,122.54839343541697
The Fluffy Movie,101,72.16636829646158
Mystery Men,121,114.9113756799059
Cats & Dogs: The Revenge of Kitty Galore,82,96.17772086651053
American Honey,163,97.8430471443157
Chhota Bheem - Neeli Pahaadi,64,67.17424181164624
Pegasus,98,108.1415745736455
Camarón: The Film,105,91.79422003512822
Menahi,101,99.71862772316129
John Leguizamo's Latin History for Morons,90,65.49092826169743
John Was Trying to Contact Aliens,17,73.69899976472144
Brother,97,97.02531430013896
The Master,137,102.19050563079927
Mile 22,94,103.24222866614834
The Heroes of Evil,99,106.8715038517778
DeRay Davis: How to Act Black,66,65.81106917629864
Influx,90,80.97058102824914
Michael,86,121.70655346265752
Dhamaal,128,130.0979787964585
Gender Revolution: A Journey with Katie Couric,90,70.51769739826238
Natalia Valdebenito: Gritona,76,65.81106917629864
Two Lovers and a Bear,95,100.41698228923474
Brian Regan: Nunchucks and Flamethrowers,61,60.99747019477836
The Hummingbird Project,111,98.46478283606184
Iliza Shlesinger: Freezing Hot,72,69.34314636318109
The Departed,151,107.25353704643864
Bad Genius,130,112.15006560400877
Everyday I Love You,124,115.68832791289631
Know Your Enemy - Japan,63,102.8001120682949
Black Man White Skin,79,82.29133113387292
The Discovery,102,96.51286330126898
Mom,139,130.20319346506804
House of the Witch,86,88.9454688757886
City of Tiny Lights,110,111.00504511206341
My Girl,102,114.14148541392397
Insan,141,140.75625330551165
Familiye,99,101.37243353272245
Jandino: Whatever it Takes,94,66.61436535733188
5Gang,96,105.51775450261252
The Women Who Kill Lions,47,85.78418000976941
Suckseed,130,106.87384522892843
Cadaver,87,94.3830036259787
The Magic Pill,90,71.60999947250268
Sword Master,108,109.31569374902227
"Take the Ball, Pass the Ball",109,88.65436770492241
Surga Yang Tak Dirindukan,121,115.42441225603565
House Party 3,94,113.79896724048491
Neevevaro,132,129.2907289030388
Home Again,97,113.32262308657201
Under an Arctic Sky,40,92.11471155073457
Soni,97,118.87389204469736
Revolutionary Road,120,115.2215418862561
Prime Time,92,110.62963059880182
Midnight Sun,91,110.35964843817302
Nothing to Lose,133,108.12681296630542
Nail Bomber: Manhunt,73,86.59211552801145
Kyo Kii... Main Jhuth Nahin Bolta,150,125.33879196493079
Domino,89,106.64308267507504
W.E.,119,114.26111914245251
Secrets of Her Majesty's Secret Service,55,77.4691377471889
Money Trap,122,109.67906773158215
Kevin Hart: What Now?,96,74.47844055015368
Our Lovers,92,105.64414657646357
Jerry Before Seinfeld,62,66.73561375127551
What Did I Mess,98,93.84621654406557
Welcome,149,125.79446833366157
LEGO Marvel Super Heroes: Guardians of the Galaxy,22,51.49665400875432
A Mighty Team,97,99.2496543725705
Sierra Burgess Is A Loser,106,102.1166808055777
Mountain,74,97.1468477702802
The Dukes of Hazzard: The Beginning,95,109.97752730422458
Dolphin Kick,90,81.69799109911366
Zoo,94,117.69054201319375
The Tenth Man,81,100.73303737690105
Vettai,156,135.90468371998276
End Game,40,74.33928159392383
Barbie in A Mermaid Tale,74,54.9209904424663
Devil's Gate,94,93.93878573630883
Naam Shabana,141,125.43708594815237
Mortal Kombat,101,114.3013333905022
Offline - Das leben ist kein bonuslevel,89,106.69554151623937
Code 8,98,94.81010761838778
All of You,104,110.7210174925299
Temple,78,86.99332135050771
Incredibles 2 (Spanish Version),118,87.8765007888735
American Factory: A Conversation with the Obamas,10,65.7957780733984
Pahuna,82,116.86247206915709
Blue Is the Warmest Color,180,103.97997433971159
American Son,90,96.2326133342203
Paranoia,106,121.25061345913775
First They Killed My Father,137,98.6809634021722
The Surrounding Game,98,80.07742515042096
Heavy,104,110.71984385024551
Scary Movie,88,106.56127864856418
Evolution,102,104.63268645280961
Triple 9,115,110.9945579031871
Jeff Dunham: Arguing with Myself,69,69.33261923691178
Scott Pilgrim vs. the World,112,110.08534007469181
Ride Like a Girl,99,93.03890469369982
Love O2O,103,107.43717743847193
The Cincinnati Kid,103,121.48894265442185
Revolt,87,108.32704255559521
The Losers,97,106.88713003035058
Arsenio Hall: Smart & Classy,63,65.17078734709625
Oklahoma City,102,80.39756606502216
Mumbai Cha Raja,77,119.61138750080092
André & his olive tree,104,70.96725247573454
The Killer,100,104.08995603615362
The American Meme,98,78.56120555969228
Elizabeth at 90: A Family Tribute,90,69.60605614664127
Shimmer Lake,87,97.07533468882217
Dragon Tiger Gate,94,106.10589619812882
The Pink Panther,93,93.49321681134326
Cold Feet,98,110.45949306395956
No One Killed Jessica,131,128.703578090548
Woodstock,97,87.69963285966729
CIA: Comrade in America,130,125.00135037946774
The Stronghold,105,116.74932444827928
The Strangers: Prey at Night,85,94.49733860811429
Wyatt Cenac: Brooklyn,68,66.77149192010222
Andaz Apna Apna,160,126.09100780407807
Ip Man,107,120.22405152508568
Welcome to Sajjanpur,131,131.4563540958708
Fierce,118,101.51798288596535
Besieged Bread,12,106.24570424822109
The Dark Side of Life: Mumbai City,121,125.87091667258782
Alex Strangelove,100,95.15693843348784
Best Worst Thing That Ever Could Have Happened,97,78.01813735739107
Men in Black II,88,113.51983069058801
Total Frat Movie,94,89.06122835400777
Carriers,85,103.1079917208562
Aurora,186,118.66293456349308
Paper Year,89,93.79617006378572
White Boy,83,75.33129637978266
Anchor Baby,97,105.15769667903005
ADAM SANDLER 100% FRESH,74,65.49092826169743
The Social Network,121,108.05880803650126
706,118,116.18119398232218
Wannabe Courageous,90,100.86389806748362
Freak Show,91,97.52363849649507
The Social Dilemma,94,80.94910004384204
Mauli,136,136.5944214156961
Pope Francis: A Man of His Word,96,88.26650073383283
Spider-Man 3,139,112.82634247829508
Guna 369,143,131.2080108158554
Hold the Dark,126,108.71841447996013
10 jours en or,97,107.46400357600523
Deadly Switch,86,80.76550477158122
David Cross: Making America Great Again!,73,66.13121009089983
Fifty Year Old Teenager,204,104.08541399304848
The Game Changers,86,83.43776595603232
Countdown to Death: Pablo Escobar,69,87.87267918641624
Amy Schumer Growing,61,65.17078734709625
Mercenary,99,106.30927197366222
Michael Che Matters,61,66.13121009089983
Coven of Sisters,92,94.80242266496283
Arthur,110,103.76599219203426
Mud,131,101.0131765951602
Baby Dolls,127,114.39780178359334
Lethal Love,89,92.79381140568748
Le K Benzema,121,83.00537678739063
Gabriel lglesias: I’m Sorry For What I Said When I Was Hungry,88,67.05575466587669
What Lies Beneath,130,105.23703216627766
Omar & Salma 2,101,101.47529403554474
Into the Beat,102,112.60387269451574
Class of '83,98,129.24277072126443
Trailer Park Boys: Say Goodnight to the Bad Guys,47,90.0037529903618
Doom,105,114.01570907904627
Deadly Illusions,115,97.3247019322844
Losing Sight of Shore,92,84.39727429960004
Fantastic Fungi,81,79.75728423581977
The House of Flowers: The Movie,88,112.30768997239139
Pizza,102,120.86948985823031
Taxi No. 9211,116,115.76461387704482
No Strings Attached,109,105.42647649410539
Kyun! Ho Gaya Na,165,119.51545684757251
Hire a Woman,108,103.95084073870953
Kay Dyache Bola,133,134.19180188692982
Furie,97,111.53943584104259
Hunt to Kill,97,106.34441856674837
The Box,116,103.69966673660801
War on Everyone,98,106.98773932349407
The Railway Man,108,114.68174955252088
Kanika,110,116.3590170199159
Rodney King,53,95.09787011616727
Barbie & Chelsea: The Lost Birthday,60,51.39944038185315
Christmas in the Smokies,88,91.09463625222047
Bygones Be Bygones,104,106.07054096012817
Mudbound,135,98.22310099478607
Little Singham: Mahabali,69,65.52952999482963
Maria Bamford: Old Baby,64,65.81106917629864
Ma Rainey's Black Bottom,94,114.30994610920096
Collateral Beauty,97,106.13796254889408
Son of a Gun,109,110.4424795480913
Ek Khiladi Ek Haseena,141,133.8010013199691
Full Count,110,94.49363797339844
The New Romantic,82,86.1448774469422
Norm of the North: Family Vacation,89,62.04146005175782
Big Stone Gap,103,106.94729455849333
Waiting...,94,96.18852440041232
Riphagen - The Untouchable,132,107.17549308620247
Dukhtar,93,118.39396364610428
Divines,107,97.39406202819073
Indiana Jones and the Last Crusade,127,113.62042929390626
Ascharyachakit!,90,118.87389204469736
#AnneFrank - Parallel Stories,95,82.65525897586586
TAU,98,97.85400243057367
White Christmas,120,100.42074693831422
Sigaram Thodu,141,129.980266177368
Tim Minchin And The Heritage Orchestra Live,146,77.67363814491405
Slam,99,106.5554287475292
Ankahi Kahaniya,111,100.28620921148247
Star Men,88,80.30780086927815
Villain,97,105.33453316105681
The Super Parental Guardians,115,112.65388683110167
After Porn Ends 3,87,79.1528805754441
Phamous,108,110.99837832685361
Angela's Christmas,30,50.55498581852649
The Hollow Point,97,104.45342533901604
Quincy,124,83.87804866400585
Onaatah,107,126.84406806101528
Giving Voice,91,84.49915013835287
Naruto Shippuden : Blood Prison,102,101.42469654466103
Things Heard & Seen,121,96.01099194097326
Chronicle of an Escape,104,114.7775932693172
Skin,76,81.3563569396059
Sarah Silverman A Speck of Dust,71,65.81106917629864
The Invention of Lying,99,104.40627402123665
Lucha: Playing the Impossible,98,73.92932486631452
El último testigo,105,106.77896701972983
Enter the Anime,59,85.24375399188072
Baby Mamas,98,105.23044906928227
Tree Man,82,74.08650204634895
For Love or Money,95,90.83950103106426
Irada Pakka,137,126.67434715640579
Jeff Dunham's Very Special Christmas Special,85,69.28401242346119
Time to Dance,107,124.68732856459468
The Basement,89,90.52956923258594
Tucker and Dale vs. Evil,89,113.52634777727275
Enter the Warriors Gate,105,112.02945568722033
Elles étaient en guerre (1914-1918),93,82.639289229365
Avvai Shanmughi,161,99.53062046805495
Danny Says,103,90.16354654957568
Peace Haven,73,114.0236397494727
Cop and a Half: New Recruit,96,88.16678944359987
Maddman: The Steve Madden Story,78,75.33129637978266
I'm in Love with a Church Girl,119,110.42730829706274
Minimalism: A Documentary About the Important Things,78,77.16765688511252
Asmaa,92,112.0363549176967
The Da Vinci Code,149,103.49678764993836
Namaste Wahala,107,108.78342728157723
Never Heard,89,99.56575093271094
#Selfie 69,119,117.03110905358415
Naruto Shippuden: The Movie,95,103.47554181983853
Lock,90,126.84406806101528
Tughlaq Durbar,145,106.10448337750928
Shanghai,109,122.90263213878501
Romantik Komedi 2: Bekarlığa Veda,105,106.16775458702935
Daniel Sosa: Sosafado,78,65.13926695135177
Freej Al Taibeen,99,95.76967929466782
Woody Woodpecker,91,88.7883167192265
Getting Played,85,107.46186272689685
Class of '61,91,102.10937819533832
Hole in the Wall,104,103.48670262121361
Always a Bridesmaid,98,94.95950802658679
Bright Star,119,111.20303754093194
Russell Madness,93,91.3467838660099
The Darkness,92,99.52310251690673
Covered: Alive in Asia,75,78.12461453966985
Growing Up Coy,82,74.97956342312622
Sisterakas,105,104.13549032137504
The Haunting in Connecticut 2: Ghosts of Georgia,101,96.20656293044001
"2,215",89,84.38551979443196
Kabhi Haan Kabhi Naa,151,136.53000191603937
The Space Between Us,120,110.66531685510301
The Bridge,119,112.28312492466556
Legendary Weapons of China,101,105.59504739086047
Ajji,105,125.59938257143722
20 Feet From Stardom,91,98.56540481814466
Patriot Games,117,113.91183233670014
The Truth About Alcohol,58,82.56699947448365
Kidnapping Stella,90,106.67504252405004
Mersal,162,135.13953728304188
Hazel Brugger: Tropical,58,66.69762198073178
Chal Dhar Pakad,129,126.08267214065398
Game Over (Tamil Version),98,121.86497398786523
The Taking of Pelham 123,106,109.54426707066368
Sam Kinison: Breaking the Rules,50,75.4152966143345
Devil's Bride,108,108.76341261273855
The Devil's Mistress,110,106.2509485112256
Mumbai Matinee,116,126.44155000521322
Kaminey,128,139.13529769355165
Trespass Against Us,100,107.2067718352134
Alpha and Omega 2: A Howl-iday Adventure,45,77.17049902805202
The Five Venoms,97,113.70662191779043
The Rezort,90,95.55704182146374
Grass Is Greener,98,90.59142821734736
Flock of Four,83,102.56434793001806
WWII: Report from the Aleutians,45,98.34985018901348
Kitty Love: An Homage to Cats,61,65.91138653817558
5 to 7,97,111.31864975575203
Happy New Year,179,131.45990637469694
Starship Troopers: Traitor of Mars,88,111.11373934451733
A Perfect Fit,113,108.49841143783746
The Unknown Saint,100,99.83648748304718
Alelí,88,102.28518027945279
Journey to Greenland,99,95.29763855120734
Fat Ballerina - David A. Arnold,61,64.85064643249505
Harith Iskander: I Told You So,62,66.41547283667431
MindGamers,99,107.8237307941284
Wild Dog,126,105.00031396498376
What We Started,96,88.33991468886968
Anon,100,107.42625201852132
Tig,92,57.90344819473457
Rurouni Kenshin: The Beginning,138,104.68017305038256
Last Night,93,106.42456833909041
Beynelmilel,102,115.02424965290129
3022,91,93.49521196684104
Oh My Ghost 4,106,99.44489210365612
Puppy Star Christmas,91,89.02999856050228
The Last Whistle,88,100.69445982190453
Shanghai Fortress,107,113.06027818056133
The Perfect Picture: Ten Years Later,148,106.75000946971619
Exit Strategy,79,96.9787847781493
Lommbock,106,98.94314049651399
Knock Knock,99,101.50992067235654
Once Again,101,114.72391857991019
Miracle,136,108.9981994568616
The Pass,87,90.19865160939287
Bhangra Paa Le,130,127.34312901950587
Intuition,116,104.90676508440563
Senna,106,91.38320028891715
Therapy,85,103.0485812289806
Brené Brown: The Call to Courage,77,78.50735448323718
Nobody Sleeps in the Woods Tonight,103,89.17269781727806
Swearnet: The Movie,112,96.84338540070242
Oct-01,149,114.42754633164898
Jo Koy: In His Elements,55,66.62567147975048
Bombay Rose,97,123.1149891200444
Angela's Christmas Wish,48,52.311256312206154
Pierre Jackson,81,94.67064571117236
The Circle - The Afterparty,35,89.98235377357591
Road to Yesterday,96,104.51138894087578
Hope Aur Hum,95,118.58678558220848
Aerials,90,92.33007244492478
Hostage House,86,93.97716143719109
The Players,89,95.89255466883613
Monster-in-Law,101,107.53381322787816
Diana: In Her Own Words,113,80.65044011364796
Dark Waters,104,130.17985540425272
Ip Man 2,108,109.8813183609938
Jack and the Cuckoo-Clock Heart,93,97.98312808202434
Reversing Roe,100,76.52737505591013
III Smoking Barrels,128,119.19403295929854
Just In Time,92,68.21452644925189
Amandla! A Revolution in Four Part Harmony,103,103.05554628018129
Have a Good Trip: Adventures in Psychedelics,86,74.96254865173087
A Week in Watts,91,80.39756606502216
4L,105,95.13721194483766
Holiday Rush,94,91.40044243400315
Atlas Shrugged: Part II,112,107.41852620729887
Jo Koy: Comin' In Hot,60,65.17078734709625
ParaNorman,93,92.7557213552397
Green Zone,115,109.43970377412451
Candyflip,104,117.41900791204313
The Tour,93,88.46895377180799
Sabrina,114,97.19374796845958
Sugar High,44,70.19611249982921
Count Me In,82,87.54250629689696
The Crying Game,112,108.04224644336773
Mallesham,131,116.51992062631399
The Beguiled,94,102.49404232919183
The Reason I Jump,82,79.60015767304942
Eerie,100,94.56211065220195
Greater,131,99.86128559975583
Ainu Mosir,84,100.46826284789567
Tattah,112,101.96975542439537
The Boy Who Cried Werewolf,86,56.94229690063745
Christmas With A View,91,91.78500671395729
Benji,87,86.41706127197868
Late Life: The Chien-Ming Wang Story,98,84.42996547344075
Three,88,101.3882674613882
Todd Glass: Act Happy,63,65.49092826169743
Hungerford,79,88.89988459682466
Chris Tucker Live,92,66.45135100550104
Night of Knots,93,105.75040004552697
Deuces,88,99.55973614103111
Blessed Benefit,83,108.11525227372614
The Cruise,66,96.79798766159942
Puss in Book: Trapped in an Epic Tale,24,65.05304151360738
Movie 43,94,116.00797212104018
Seventh Son,102,111.24687415506962
The Bomb,59,80.71770697962336
SGT. Will Gardner,125,99.78266342873114
Searching for Sugar Man,86,96.36850651531694
War Dogs,114,115.76179525537856
Miss Hokusai,90,93.4493672910791
Occupation,120,110.8971390723822
Vitti Dandu,116,128.66769992172127
Selfless,117,102.37049626475265
The Promise,110,109.44672756698945
The 8th Night,116,105.70960413565582
Right Here Right Now,91,97.00391398172457
Freeway: Crack in the System,103,81.95210860523167
E-Team,90,80.43344423384887
Star Trek,128,112.84968616582579
The Block Island Sound,99,82.76304655134997
Fred Claus,115,91.98972586523846
Marco Polo: One Hundred Eyes,29,59.59283926802666
O Vendedor de Sonhos,96,102.87143262948257
Season of the Witch,95,109.17907875688307
What Happened to Mr. Cha?,102,100.19857688131195
Attacking the Devil: Harold Evans and the Last Nazi War Crime,102,83.20728130368605
Weed the People,94,79.1528805754441
The First Lady,107,109.46288478350687
Sakhi,152,134.0374359662569
True: Winter Wishes,46,53.74816753723199
EMI: Liya Hai To Chukana Padega,128,132.0480291116226
Once Upon a Time in America,229,120.81073857838315
Thackeray (Marathi),135,107.33184065282353
The World Is Not Enough,128,110.38499714953295
An Evening with Beverly Luff Linn,108,93.10152279278063
Anthony Jeselnik: Thoughts and Prayers,59,66.45135100550104
New York Minute,91,95.31684867204928
2 Hearts,101,111.6292121168623
Zinzana,96,102.58013360484784
Point Blank,87,96.83596037532503
Escape from Mr. Lemoncello’s Library,69,52.08832902450612
Hypersomnia,84,97.07655242367272
For the Love of Benji,84,95.77001135487615
Once Upon a Time in Mumbaai,133,137.63180674744683
Elliot the Littlest Reindeer,90,84.02046476369726
Sommore: The Reign Continues,93,66.45135100550104
Berserk: The Golden Age Arc III - The Advent,107,100.45154515623358
The Lovebirds,87,110.08598811713857
Gaddar: the Traitor,126,132.02682532577404
Jimmy Neutron: Boy Genius,83,94.74048042894458
The King,141,108.6834152176229
King of Peking,88,110.98462771378838
Candy Jar,93,99.95399456057561
Anaamika,130,120.86948985823031
Listen,103,90.21746318566522
On Yoga The Architecture of Peace,92,103.7968913209505
You're Everything To Me,107,91.54597948002868
The Captive,112,110.42163744101104
Delirium,96,97.10177464458438
Kathleen Madigan: Bothering Jesus,71,66.13121009089983
Jindua,135,133.75259492790263
Green Room,95,101.02057246714699
John Mulaney: Kid Gorgeous at Radio City,65,65.49092826169743
Punjab 1984,158,126.27114759883922
Spider-Man: Into the Spider-Verse,117,102.42743300171622
Austin Powers in Goldmember,94,110.40090284159149
Ég man þig,106,106.48126484862516
The Detained,85,92.95760475366762
The Trust,91,100.42889745139519
The Breadwinner,93,127.60743971861353
Really Love,95,94.36909052596178
Snow Day,89,94.82238728319864
Vizontele Tuuba,106,112.81731631192386
Tyke Elephant Outlaw,78,88.73575289923205
Macho,101,96.7445036379316
Thimmarusu,125,122.28498840925027
Blanche Gardin: I talk to myself,88,65.72623236840965
Stargate,121,114.53663749721441
Raiders!: The Story of the Greatest Fan Film Ever Made,93,78.44943818057148
Sparkle,98,121.40922703099932
Good on Paper,94,98.06150202734301
One Day We'll Talk About Today,128,96.76900598121303
Donnie Brasco,127,116.48556026485801
Inkaar,125,132.92526397982695
Holly Star,92,90.37176844434762
Echcharikkai,127,119.58892619982552
Small Town Crime,92,101.56364066944822
28 Days,104,113.3113759005592
Get Smart,110,109.66340738548791
Under the Eiffel Tower,87,88.0039743585302
Rocks,93,99.67414367941139
Mimi,132,107.55936751016351
Joe Rogan: Strange Times,64,68.3827236193775
Guillermo Vilas: Settling the Score,95,82.52862987466952
Big Time,90,77.16305200027088
Tayo the Little Bus Movie: Mission Ace,48,61.54699866290718
Silver Skates,138,115.29444031562507
Chasing the Dragon,129,110.1789028659247
Jake's Buccaneer Blast,22,31.291282749488545
TE3N,128,131.11500939542103
Jiro Dreams of Sushi,79,78.02077799023763
Poshter Girl,138,129.48690179481306
Yes or No,111,97.50765299512392
Wildlife,105,96.7256310445458
West Coast,81,105.25889534262357
"Liar, Liar, Vampire",68,83.84636344406081
40 Sticks,93,70.28010468173028
Life Ki Toh Lag Gayi,109,133.54234369192972
Only the Dead,76,83.66948321399255
Mitt,93,71.47812014206596
Rangoon,153,135.73121229879368
Born in Syria,87,89.54108939625709
Ali Wong: Hard Knock Wife,64,65.49092826169743
Here Comes the Rain,101,101.23049926301948
The Stepfather,102,102.3557639348669
Sofía Niño de Rivera: Selección Natural,62,64.81912603675056
Savages,131,112.27512156159189
Professor Mack,84,96.13012941346653
Black Friday,162,130.94456449275637
Stowaway,116,106.62643571059945
Trailer Park Boys: Countdown to Liquor Day,102,95.66414247200724
Uma Maheswara Ugra Roopasya,137,114.18523157909826
Asura Guru,117,123.78847935535508
Ram Jaane,142,143.61727049796838
Harry and Snowman,83,72.48448952929397
Goyo: The Boy General,150,110.12474290713814
The Thief and the Imbecile,96,106.66267296247986
The Art of the Steal,90,99.8464548973485
Dead Man Down,118,105.41384808281961
Rahasya,117,127.16420897561648
Dhoondte Reh Jaoge,124,130.3006550452045
Garfunkel and Oates: Trying to be Special,62,76.77312833697964
Life 2.0,99,81.71400789225366
Chris D'Elia: No Pain,55,64.85064643249505
De Palma,110,81.95210860523167
Ali & Alia,106,102.81514090549551
The Great Raid,133,124.60086952684975
Ghayal,163,144.37501699302595
Motu Patlu the Superheroes – Super Villains from Mars,79,61.703346229528236
Love You... Love You Not,115,106.58351673951915
Eat Pray Love,140,112.9207757549826
Muramba,128,124.69216621072417
David Foster: Off the Record,107,82.3447054580262
Lockout,95,114.28196337308378
Deep Blue Sea,105,112.9346215270378
A Sort of Family,96,100.57800562240071
Wandering Stars,95,88.98093328020656
#Selfie,125,116.48804085128293
Dil Vil Pyaar Vyaar,145,125.77261591613674
6-5=2,103,119.35327026750164
The Intent,99,109.23002006480799
Fida,117,127.15784167546818
Lucid Dream,102,108.00120103657665
Rumor Has It,97,109.13218087844298
Tears of the Sun,121,121.2760836424801
The Outsider,121,103.19039564623448
Kaviyude Osyath,116,124.74890209915867
Cutie and the Boxer,82,83.18406545018587
Cuties,96,104.29387302918003
The Last Days of Chez Nous,93,117.13279136901694
Fishtronaut: The Movie,78,47.464127653185024
Retablo,102,106.8928532529085
Crash,112,107.78195852734916
Hangman,99,99.19694060644099
Ricky Gervais: Humanity,79,65.97408352812948
Ghost House,100,92.66881059602264
Chhota Bheem Ka Romani Adventure,62,66.75688727014386
SMOSH: The Movie,83,97.03178579939635
Tramps,83,97.69621333277259
The Edge of Democracy,122,84.51113621230158
Malicious,91,89.80867799269103
Operation Mekong,124,99.61324241413277
Tokyo Idols,89,97.3121266329452
The Larva Island Movie,91,72.6173194715059
I'm No Longer Here,112,98.80504894608828
Ali & Ratu Ratu Queens,101,109.92606757317073
All Day and a Night,122,97.26267825098249
Uncovered,98,100.1595798144028
Manusangada,93,120.11857753427542
Opening Night,84,94.36998711087331
Jagga Jasoos,155,125.71321961894294
Mandobasar Galpo,103,129.61086981764
Lost Bullet,93,113.50115818155965
Same Kind of Different as Me,120,107.13599212643275
The Package,95,88.30978661622618
InuYasha the Movie: Affections Touching Across Time,100,98.88796213417584
The Burial of Kojo,81,98.9465116133578
Ghosts of War,95,93.8570567789119
Mala Kahich Problem Nahi,132,120.78578358991693
Thomas & Friends: Marvelous Machinery: A New Arrival,23,52.83635160687899
Aziz Ansari Live at Madison Square Garden,58,66.45135100550104
The Pianist,149,106.45816040587684
A Fall from Grace,121,101.36676378552848
Monster,99,99.73405661528055
Aftermath,115,88.84825524888744
Lusers,100,93.54504594498431
Carbon,104,108.34188707588577
ANIMA,15,92.58868815856238
Take Me,84,83.99960296594412
Come and Find Me,112,108.4894858309853
Ordinary World,87,112.58568266438196
American Circumcision,101,80.39756606502216
Tom Segura: Disgraceful,71,65.49092826169743
Automata,110,108.46304068825634
Sakaling Maging Tayo,90,103.52196288809841
The Muppets,104,94.85088731709632
Iron Sky: The Coming Race,93,106.32679378818759
Malibu Rescue: The Next Wave,71,77.57234635964144
Fronteras,106,96.19337101834401
"Twisted Trunk, Big Fat Body",89,127.16420897561648
Tremors: Shrieker Island,102,103.1788826764758
Misha and the Wolves,90,89.57835181312281
The Wishing Tree,117,125.72266097758808
Disciples Of The 36th Chamber,90,106.70389017481017
Willy and the Guardians of the Lake: Tales from the Lakeside Winter Adventure,72,50.51172062369657
First Kiss,90,109.0304789124742
Trash Fire,94,100.59440062743325
Break Ke Baad,108,130.57218914635513
Dr. Seuss' The Grinch,86,93.0447561560198
Fakta Ladh Mhana,150,138.24373280215266
Secret Superstar,150,133.61579529798306
Hellboy,122,109.35079963133815
Bypass Road,135,119.26878528522434
NOVA: Day the Dinosaurs Died,53,70.51769739826238
The Paramedic,94,109.54174061317758
In Too Deep,97,109.69287719527696
Big Miracle,107,100.29849422276347
Loving is Losing,91,96.39699581120257
The Hundred-Foot Journey,123,117.97654072506623
Hikaru Utada Laughter in the Dark Tour 2018,141,97.31461146227393
Band Aid,94,103.82430980734289
Been So Long,100,116.18600520702405
The Mitchells vs. The Machines,114,92.76624848150901
Shikara,115,130.42547212109184
Jealousy and medicine,97,118.78373985690509
All My Friends Are Dead,97,104.47635796472437
Stuart Little 2,78,92.99875542249264
The Legend of 420,87,79.47302149004528
"Crouching Tiger, Hidden Dragon: Sword of Destiny",101,113.67135423605023
Heaven Without People,91,97.8061628293075
Thong Dee Fun Khao,122,108.71046838892232
Queen,138,128.019289017535
Alarmoty in the Land of Fire,94,98.58129715951011
The Misadventures of Hedi and Cokeman,99,96.32243949773533
A Single Man,100,102.55925335885105
Hajwala: The Missing Engine,97,104.15776257395564
A Week Away,98,93.01779800813094
The Twilight Saga: Breaking Dawn: Part 2,115,112.2804939257802
Terra,98,76.58100475826667
Darna Mana Hai,116,127.01654543837742
Bosta,112,114.39766665708213
Lowriders,98,98.54926290525181
Awake,97,102.22997290243089
The Naked Gun 2 1/2: The Smell of Fear,85,106.42361307600149
Midnight at the Magnolia,87,80.64800868968939
The Lift Boy,107,119.41696024699857
Resurface,28,80.7995317918745
27: Gone Too Soon,70,78.18115170922192
A Thousand Words,92,97.40053352744812
Let There Be Light,58,96.15015258144474
Mary Magdalene,120,121.17917474607525
Starting Over Again,128,113.05009374873848
Mine 9,83,91.01061375358525
The Florida Project,111,98.22310099478607
The Adventure Club,88,63.883846466039564
The Reservoir Game,100,93.50558453043827
Forever Pure,87,88.78338854831179
Jo Pil-ho: The Dawning Rage,128,117.81463370237927
Power Rangers Super Samurai: Trickster Treat,23,43.50337308657699
Desolate,88,108.44889106692176
NOVA: Bird Brain,53,61.68408785788948
Mission Blue,94,74.436495220825
Two Graves,80,92.78774954627342
Boomika,122,99.48502377588197
Ava,97,114.05866304700436
Sightless,89,90.22215696260862
Secret Obsession,98,91.72564790871343
The Parole Officer,94,112.38152805826381
4th Man Out,86,90.56471930011259
The Speed Cubers,41,73.69899976472144
Suffragette,107,114.13930930798466
2036 Origin Unknown,95,91.37693060433745
Takers,107,108.15531686974316
Santana,107,99.93594773304352
Superfly,91,131.73620217860744
Monster Island,81,83.18200557693095
"Main, Meri Patni Aur Woh",129,124.90360823592185
Seventeen,100,110.60047399017803
Chopsticks,101,111.54699741494042
Look Who's Back,116,96.73620715553656
LEGO Ninjago: Masters of Spinjitzu: Day of the Departed,44,87.74107588052713
Kevyn Aucoin: Beauty & the Beast in Me,90,78.88134647429348
Vampire Academy,104,108.3862699345503
Mr. Gaga: A True Story of Love and Dance,102,85.1073772898243
Sunday's Illness,113,102.85404872378889
Disco Dancer,134,135.06791861395084
1BR,90,85.5791037531015
The Little Hours,89,92.31698116532314
Yeh Hai Bakrapur,95,109.51745303792974
Zathura,101,94.28945184114319
Velvet Colección: Grand Finale,82,113.64869250395908
A Second Chance:  Rivals!,91,90.74817235817699
All the Freckles in the World,90,101.25045227298502
Mohenjo Daro,168,136.05135321339486
The Old Thieves: The Legend of Artegios,97,87.51049074980125
Prom Night,88,98.96678627093931
Shadow Parties,117,113.90814659216205
"Jim & Andy: The Great Beyond - Featuring a Very Special, Contractually Obligated Mention of Tony Clifton",94,74.1180940884042
The Twilight Saga: Breaking Dawn: Part 1,117,112.6006348403814
Last Breath,86,84.00747564818747
David Batra: Elefanten i rummet,77,64.03436481471668
The Bling Ring,91,105.61048573107662
Four Sisters and a Wedding,125,112.92612572591155
Ryan Hamilton: Happy Face,57,66.73561375127551
The Intent 2: The Come Up,103,106.09382194845526
Time Share,96,96.75848979768226
Catching the Sun,74,106.90333859996241
May We Chat,99,99.35712532191576
Hell and Back,86,101.01105037527635
"Monster High: Frights, Camera, Action!",74,65.7373305866204
Kavin Jay: Everybody Calm Down!,53,68.3827236193775
Wives on Strike: The Revolution,93,103.03397760266151
Mutiny on the Bounty,185,122.96013191534887
Lila & Eve,94,111.3146988177883
Swiped,94,92.78438128571388
The Heartbreak Kid,116,105.6322098703263
Up Among  The Stars,86,109.62168397272255
Like Father,104,101.5622880456265
Le serment des Hitler,54,81.04287078313051
Soul to Keep,94,83.08318746595117
Love Jones,109,106.67707800485597
Fan of Amoory,109,85.47658605200075
Chhota Bheem: Bheem vs Aliens,69,69.46117485727902
Sinister 2,97,96.04943636766968
The Spooky Tale of Captain Underpants Hack-a-ween,46,69.73783482617124
The Willoughbys,92,86.50617193472472
Pranaam,117,135.09093046959129
My Sister's Keeper,109,108.37894895110246
Rhyme & Reason,89,117.29016381819078
Becoming,89,75.13950975882688
Jesus: Countdown to Calvary,53,80.12740880316824
Eddie Murphy: Raw,90,81.39582701058113
Disconnect,107,75.86793621798701
الف مبروك,115,112.36109540193785
Sillu Karuppatti,133,113.6548920214209
The River Wild,111,111.50254645610687
The Autopsy of Jane Doe,86,92.41153714383196
The Panti Sisters,108,100.378284328438
Max Rose,84,95.6310288634247
Shattered Memories,86,104.11494022121134
Sisters on Track,97,83.17939961399759
I'll See You in My Dreams,96,101.51223755365079
Malevolent,89,91.6043995147698
Udaan,137,122.61836939301052
I Am All Girls,107,102.60688928810256
Sweet & Sour,103,105.98508917477015
Aakhri Adaalat,148,134.72117247158704
The Dirty Picture,145,129.31258132056362
Ready,144,121.10065421066554
Remember Me,112,112.32910073923078
Backfire,97,94.68988007223919
Manson Family Vacation,85,94.34233613003602
Motu Patlu: Deep Sea Adventure,76,67.13023456783561
Yaara O Dildaara,132,137.90334084859745
Sky Tour: The Movie,93,78.07536764905706
Puss in Boots,92,90.11748719108188
Domestic Disturbance,89,103.73354122017285
Bullet Head,94,104.11312792938007
Hotel for Dogs,101,94.3797696157764
Iverson,88,75.95436428673924
Dream Boat,92,86.8278593769729
Air Strike,97,124.55674739758597
Panoptic,69,73.89786398266023
"Kalel, 15",105,101.62422733314285
Penalty,125,120.06997072082483
Khushi,157,132.2215005328117
Can't Hardly Wait,101,108.51949909760161
Fisherman's Friends,112,115.98707197264112
Thambi,148,118.67711026947254
Jeff Dunham: Beside Himself,58,65.17078734709625
Little Dragon Maiden,92,112.2061397224939
Altered Carbon: Resleeved,75,95.84385869101799
Short Term 12,97,101.87036471619808
Ghost Tears,58,99.53972922588058
JFK: The Making of a President,44,75.14257777495708
Bo Burnham: Make Happy,60,74.99810328972421
A Land Imagined,95,98.14942936335888
Rocky IV,92,111.57925091834518
Manu,177,118.61508658817061
Hamara Dil Aapke Paas Hai,158,143.19991595646601
The Sky Is Pink,143,121.86235365428121
The Forest,93,88.2551365546105
The Short Game,100,81.05513460717481
Bill Burr: Walk Your Way Out,78,65.81106917629864
The Wolf's Call,116,109.80949985316386
Lilli,85,118.28221702894555
Cross: Rise of the Villains,100,104.08467761096425
Bad Trip,87,86.75768885667078
2 Weeks in Lagos,107,107.91054894746193
ChuChuTV Surprise Eggs Learning Videos (Hindi),34,53.74816753723199
Private Network: Who Killed Manuel Buendía?,100,82.4503904177488
Stealing History,52,79.5471097975664
Iqbal,127,101.5239689843958
Shadow,116,111.37498154205217
Stop at Nothing: The Lance Armstrong Story,100,92.68391233401955
The Last Thing He Wanted,116,107.9389691975269
Thunderbolt,42,96.42168668259536
Ocean's Twelve,125,110.3522960281409
Uncut Gems,135,108.2591101121281
Agatha Christie's Crooked House,115,117.89674564931778
Drink Drank Drunk,92,89.29052582861443
Two Distant Strangers,32,95.0006564892661
A Night at the Roxbury,82,99.81324080411157
Torbaaz,133,127.14882016096644
Koshish,115,134.3147596398043
Afterschool,107,98.08221390870924
Two Catalonias,117,86.1445073715896
Kingsglaive: Final Fantasy XV,116,110.84822623923125
Good Kids,90,90.30027427679195
Bobby Robson: More Than a Manager,99,83.25322794711046
Stray Bullet,76,106.68414199725262
Tremors 2: Aftershocks,100,108.26197726659322
One 2 Ka 4,160,137.98843832751973
Socha Na Tha,137,126.39294319176263
Raman Raghav 2.0,133,121.07968850130646
The 101-Year-Old Man Who Skipped Out on the Bill and Disappeared,108,94.82499919784469
Evelyn,96,84.82375726596584
Bo Burnham: what.,60,67.09163283470342
Firebrand,117,123.77575071073122
Balto,78,99.11825121119233
Isa Pa with Feelings,102,91.92715678868427
Tezz,121,136.64664444294152
Only God Forgives,90,93.52520133552652
Across Grace Alley,24,94.5232098718108
Kismat Konnection,145,130.2730040643672
Strike a Pose,85,85.30102474333736
Fear Street Part 1: 1994,107,97.72058100281413
Kaake Da Viyah,133,121.60498546300872
The White Tiger,127,123.01646192333276
Varane Avashyamund,144,128.20633813640828
Kate,106,102.26104575025825
Someone Great,92,102.97386892661558
Prosecuting Evil: The Extraordinary World of Ben Ferencz,83,73.47781225920181
A Man For The Week End,95,110.88649031697432
Sex and the City: The Movie,145,116.78954533787004
Step Sisters,108,96.66303807134456
Penalty Kick,89,101.21868767649012
Lust Stories,121,128.5137504063856
Kabir Singh,171,129.82106846071616
Sustainable,92,69.12290088020922
4th Republic,120,108.94392210490712
"Frankenstein’s Monster’s Monster, Frankenstein",32,93.64759040261629
Gatao 2: Rise of the King,126,119.61900690284881
Peppermint,102,98.64573855430864
Red,143,123.46833844075388
BuyBust,128,109.03790170887643
